soc,34,soc
volt,32,volt
I,33,I
MaxVc,36,MaxVc
MinVc,37,MinVc
AvgVc,38,AvgVc
soc1,1059,soc1
soc2,2083,soc2
soc3,3107,soc3
soc4,4131,soc4
soc5,5155,soc5
volt1,1057,volt1
volt2,2081,volt2
volt3,3105,volt3
volt4,4129,volt4
volt5,5153,volt5
warn16,16,warn16
warn17,17,warn17
SysSta,770,SysSta
IMM,907,IMM
SOCMaintReq,68,SOCMaintReq
RemainCharge1,1078,RemainCharge1
RemainDischarge1,1079,RemainDischarge1
HisChargeCapL1,1108,HisChargeCapL1
HisChargeCapH1,1109,HisChargeCapH1
HisDischargeCapL1,1110,HisDischargeCapL1
HisDischargeCapH1,1111,HisDischargeCapH1
RemainCharge2,2102,RemainCharge2
RemainDischarge2,2103,RemainDischarge2
HisChargeCapL2,2132,HisChargeCapL2
HisChargeCapH2,2133,HisChargeCapH2
HisDischargeCapL2,2134,HisDischargeCapL2
HisDischargeCapH2,2135,HisDischargeCapH2
RemainCharge3,3126,RemainCharge3
RemainDischarge3,3127,RemainDischarge3
HisChargeCapL3,3156,HisChargeCapL3
HisChargeCapH3,3157,HisChargeCapH3
HisDischargeCapL3,3158,HisDischargeCapL3
HisDischargeCapH3,3159,HisDischargeCapH3
RemainCharge4,4150,RemainCharge4
RemainDischarge4,4151,RemainDischarge4
HisChargeCapL4,4180,HisChargeCapL4
HisChargeCapH4,4181,HisChargeCapH4
HisDischargeCapL4,4182,HisDischargeCapL4
HisDischargeCapH4,4183,HisDischargeCapH4
RemainCharge5,5174,RemainCharge5
RemainDischarge5,5175,RemainDischarge5
HisChargeCapL5,5204,HisChargeCapL5
HisChargeCapH5,5205,HisChargeCapH5
HisDischargeCapL5,5206,HisDischargeCapL5
HisDischargeCapH5,5207,HisDischargeCapH5
EnvTemp,56,EnvTemp
auxpl,898,auxpl
ChrgSOE,47,ChrgSOE
DisChrgSOE,48,DisChrgSOE
CSOC1,1076,CSOC1
DSOC1,1077,DSOC1
CSOC2,2100,CSOC2
DSOC2,2101,DSOC2
CSOC3,3124,CSOC3
DSOC3,3125,DSOC3
CSOC4,4148,CSOC4
DSOC4,4149,DSOC4
CSOC5,5172,CSOC5
DSOC5,5173,DSOC5
TMSOutWT,108,TMSOutWT
TMSInWT,109,TMSInWT
TMSRealMode,107,TMSRealMode
Dehum2,18,Dehum2
SBMUWarn5,5,SBMUWarn5
SBMUWarn6,6,SBMUWarn6
TmsFaultCode,111,TmsFaultCode
MaxCellTemp,39,MaxCellTemp
AveCellTemp,41,AveCellTemp
SSV1,1080,SSV1
SSV2,2104,SSV2
SSV3,3128,SSV3
SSV4,4152,SSV4
SSV5,5176,SSV5
CS1,1135,CS1
CS2,2159,CS2
CS3,3183,CS3
CS4,4207,CS4
CS5,5231,CS5
StrEn,909,StrEn
SC0,0,SC0
SC2,2,SC2
MinVc1,1062,MinVc1
MinVc2,2086,MinVc2
MinVc3,3110,MinVc3
MinVc4,4134,MinVc4
MinVc5,5158,MinVc5
MinCellTemp,40,MinCellTemp
MaxCI1,1067,MaxCI1
MaxCI2,2091,MaxCI2
MaxCI3,3115,MaxCI3
MaxCI4,4139,MaxCI4
MaxCI5,5163,MaxCI5
MaxDisCI1,1068,MaxDisCI1
MaxDisCI2,2092,MaxDisCI2
MaxDisCI3,3116,MaxDisCI3
MaxDisCI4,4140,MaxDisCI4
MaxDisCI5,5164,MaxDisCI5
NumRacksHvOn,772,NumRacksHvOn
Reg0,0,Reg0
Reg1,1,Reg1
Reg2,2,Reg2
Reg3,3,Reg3
Reg4,4,Reg4
Reg5,5,Reg5
Reg6,6,Reg6
Reg7,7,Reg7
Reg8,8,Reg8
Reg9,9,Reg9
Reg10,10,Reg10
Reg11,11,Reg11
Reg12,12,Reg12
Reg13,13,Reg13
Reg14,14,Reg14
Reg15,15,Reg15
Reg16,16,Reg16
Reg17,17,Reg17
Reg18,18,Reg18
Reg19,19,Reg19
Reg20,20,Reg20
Reg21,21,Reg21
Reg22,22,Reg22
Reg23,23,Reg23
Reg24,24,Reg24
Reg25,25,Reg25
Reg26,26,Reg26
Reg27,27,Reg27
Reg28,28,Reg28
Reg29,29,Reg29
Reg30,30,Reg30
Reg31,31,Reg31
Battery Subsystem Voltage Outside,1056,BatterySubsystemVoltageOutside-SBMU1
Battery Subsystem Voltage Inside,1057,BatterySubsystemVoltageInside-SBMU1
Battery Subsystem Current,1058,BatterySubsystemCurrent-SBMU1
SOC,1059,SOC-SBMU1
SOH,1060,SOH-SBMU1
Max single cell voltage,1061,Maxsinglecellvoltage-SBMU1
Min single cell voltage,1062,Minsinglecellvoltage-SBMU1
Avg. cell voltage,1063,Avg.cellvoltage-SBMU1
Max single cell temperature,1064,Maxsinglecelltemperature-SBMU1
Min single cell temperature,1065,Minsinglecelltemperature-SBMU1
Avg. single cell temperature,1066,Avg.singlecelltemperature-SBMU1
Max allowed charge current,1067,Maxallowedchargecurrent-SBMU1
Max allowed discharge current,1068,Maxalloweddischargecurrent-SBMU1
Max charge power allowed,1069,Maxchargepowerallowed-SBMU1
Max discharge power allowed,1070,Maxdischargepowerallowed-SBMU1
Battery subsystem power,1071,Batterysubsystempower-SBMU1
Max single cell voltage position,1072,Maxsinglecellvoltageposition-SBMU1
Min single cell voltage position,1073,Minsinglecellvoltageposition-SBMU1
Max single cell temperature position,1074,Maxsinglecelltemperatureposition-SBMU1
Min single cell temperature position,1075,Minsinglecelltemperatureposition-SBMU1
Charge SOE,1076,ChargeSOE-SBMU1
Discharge SOE,1077,DischargeSOE-SBMU1
Subsystem remains charging energy,1078,Subsystemremainschargingenergy-SBMU1
Subsystem remains discharging energy,1079,Subsystemremainsdischargingenergy-SBMU1
Sum of cell voltage,1080,Sumofcellvoltage-SBMU1
Battery Subsystem Voltage Outside,2080,BatterySubsystemVoltageOutside-SBMU2
Battery Subsystem Voltage Inside,2081,BatterySubsystemVoltageInside-SBMU2
Battery Subsystem Current,2082,BatterySubsystemCurrent-SBMU2
SOC,2083,SOC-SBMU2
SOH,2084,SOH-SBMU2
Max single cell voltage,2085,Maxsinglecellvoltage-SBMU2
Min single cell voltage,2086,Minsinglecellvoltage-SBMU2
Avg. cell voltage,2087,Avg.cellvoltage-SBMU2
Max single cell temperature,2088,Maxsinglecelltemperature-SBMU2
Min single cell temperature,2089,Minsinglecelltemperature-SBMU2
Avg. single cell temperature,2090,Avg.singlecelltemperature-SBMU2
Max allowed charge current,2091,Maxallowedchargecurrent-SBMU2
Max allowed discharge current,2092,Maxalloweddischargecurrent-SBMU2
Max charge power allowed,2093,Maxchargepowerallowed-SBMU2
Max discharge power allowed,2094,Maxdischargepowerallowed-SBMU2
Battery subsystem power,2095,Batterysubsystempower-SBMU2
Max single cell voltage position,2096,Maxsinglecellvoltageposition-SBMU2
Min single cell voltage position,2097,Minsinglecellvoltageposition-SBMU2
Max single cell temperature position,2098,Maxsinglecelltemperatureposition-SBMU2
Min single cell temperature position,2099,Minsinglecelltemperatureposition-SBMU2
Charge SOE,2100,ChargeSOE-SBMU2
Discharge SOE,2101,DischargeSOE-SBMU2
Subsystem remains charging energy,2102,Subsystemremainschargingenergy-SBMU2
Subsystem remains discharging energy,2103,Subsystemremainsdischargingenergy-SBMU2
Sum of cell voltage,2104,Sumofcellvoltage-SBMU2
Battery Subsystem Voltage Outside,3104,BatterySubsystemVoltageOutside-SBMU3
Battery Subsystem Voltage Inside,3105,BatterySubsystemVoltageInside-SBMU3
Battery Subsystem Current,3106,BatterySubsystemCurrent-SBMU3
SOC,3107,SOC-SBMU3
SOH,3108,SOH-SBMU3
Max single cell voltage,3109,Maxsinglecellvoltage-SBMU3
Min single cell voltage,3110,Minsinglecellvoltage-SBMU3
Avg. cell voltage,3111,Avg.cellvoltage-SBMU3
Max single cell temperature,3112,Maxsinglecelltemperature-SBMU3
Min single cell temperature,3113,Minsinglecelltemperature-SBMU3
Avg. single cell temperature,3114,Avg.singlecelltemperature-SBMU3
Max allowed charge current,3115,Maxallowedchargecurrent-SBMU3
Max allowed discharge current,3116,Maxalloweddischargecurrent-SBMU3
Max charge power allowed,3117,Maxchargepowerallowed-SBMU3
Max discharge power allowed,3118,Maxdischargepowerallowed-SBMU3
Battery subsystem power,3119,Batterysubsystempower-SBMU3
Max single cell voltage position,3120,Maxsinglecellvoltageposition-SBMU3
Min single cell voltage position,3121,Minsinglecellvoltageposition-SBMU3
Max single cell temperature position,3122,Maxsinglecelltemperatureposition-SBMU3
Min single cell temperature position,3123,Minsinglecelltemperatureposition-SBMU3
Charge SOE,3124,ChargeSOE-SBMU3
Discharge SOE,3125,DischargeSOE-SBMU3
Subsystem remains charging energy,3126,Subsystemremainschargingenergy-SBMU3
Subsystem remains discharging energy,3127,Subsystemremainsdischargingenergy-SBMU3
Sum of cell voltage,3128,Sumofcellvoltage-SBMU3
Battery Subsystem Voltage Outside,4128,BatterySubsystemVoltageOutside-SBMU4
Battery Subsystem Voltage Inside,4129,BatterySubsystemVoltageInside-SBMU4
Battery Subsystem Current,4130,BatterySubsystemCurrent-SBMU4
SOC,4131,SOC-SBMU4
SOH,4132,SOH-SBMU4
Max single cell voltage,4133,Maxsinglecellvoltage-SBMU4
Min single cell voltage,4134,Minsinglecellvoltage-SBMU4
Avg. cell voltage,4135,Avg.cellvoltage-SBMU4
Max single cell temperature,4136,Maxsinglecelltemperature-SBMU4
Min single cell temperature,4137,Minsinglecelltemperature-SBMU4
Avg. single cell temperature,4138,Avg.singlecelltemperature-SBMU4
Max allowed charge current,4139,Maxallowedchargecurrent-SBMU4
Max allowed discharge current,4140,Maxalloweddischargecurrent-SBMU4
Max charge power allowed,4141,Maxchargepowerallowed-SBMU4
Max discharge power allowed,4142,Maxdischargepowerallowed-SBMU4
Battery subsystem power,4143,Batterysubsystempower-SBMU4
Max single cell voltage position,4144,Maxsinglecellvoltageposition-SBMU4
Min single cell voltage position,4145,Minsinglecellvoltageposition-SBMU4
Max single cell temperature position,4146,Maxsinglecelltemperatureposition-SBMU4
Min single cell temperature position,4147,Minsinglecelltemperatureposition-SBMU4
Charge SOE,4148,ChargeSOE-SBMU4
Discharge SOE,4149,DischargeSOE-SBMU4
Subsystem remains charging energy,4150,Subsystemremainschargingenergy-SBMU4
Subsystem remains discharging energy,4151,Subsystemremainsdischargingenergy-SBMU4
Sum of cell voltage,4152,Sumofcellvoltage-SBMU4
Battery Subsystem Voltage Outside,5152,BatterySubsystemVoltageOutside-SBMU5
Battery Subsystem Voltage Inside,5153,BatterySubsystemVoltageInside-SBMU5
Battery Subsystem Current,5154,BatterySubsystemCurrent-SBMU5
SOC,5155,SOC-SBMU5
SOH,5156,SOH-SBMU5
Max single cell voltage,5157,Maxsinglecellvoltage-SBMU5
Min single cell voltage,5158,Minsinglecellvoltage-SBMU5
Avg. cell voltage,5159,Avg.cellvoltage-SBMU5
Max single cell temperature,5160,Maxsinglecelltemperature-SBMU5
Min single cell temperature,5161,Minsinglecelltemperature-SBMU5
Avg. single cell temperature,5162,Avg.singlecelltemperature-SBMU5
Max allowed charge current,5163,Maxallowedchargecurrent-SBMU5
Max allowed discharge current,5164,Maxalloweddischargecurrent-SBMU5
Max charge power allowed,5165,Maxchargepowerallowed-SBMU5
Max discharge power allowed,5166,Maxdischargepowerallowed-SBMU5
Battery subsystem power,5167,Batterysubsystempower-SBMU5
Max single cell voltage position,5168,Maxsinglecellvoltageposition-SBMU5
Min single cell voltage position,5169,Minsinglecellvoltageposition-SBMU5
Max single cell temperature position,5170,Maxsinglecelltemperatureposition-SBMU5
Min single cell temperature position,5171,Minsinglecelltemperatureposition-SBMU5
Charge SOE,5172,ChargeSOE-SBMU5
Discharge SOE,5173,DischargeSOE-SBMU5
Subsystem remains charging energy,5174,Subsystemremainschargingenergy-SBMU5
Subsystem remains discharging energy,5175,Subsystemremainsdischargingenergy-SBMU5
Sum of cell voltage,5176,Sumofcellvoltage-SBMU5
CRC,49,Container remain Charge capacity
CRD,50,Container remain Discharge capacity
